{"cameraMode":{"drawMode":0,"name":"Shaded","section":"Shading Mode"},"sceneLighting":false,"audioPlay":false,"sceneViewState":{"showFog":false,"showMaterialUpdate":false,"showSkybox":false,"showFlares":false,"showImageEffects":false,"showParticleSystems":true},"in2DMode":false,"pivot":{"x":3.8000001907348635,"y":1.4900000095367432,"z":22.43000030517578},"rotation":{"x":0.1138172596693039,"y":0.15580478310585023,"z":-0.018075523898005487,"w":0.9810438752174377},"size":12.504659652709961,"orthographic":false}